Source.Name,Column1
corona_work_depression.csv,comment
corona_work_depression.csv,この話になるとなぜか絶対に白か黒か決めなきゃいけないような人が増えるけど、これこそみんな違ってみんないい、ということじゃない？
corona_work_depression.csv,向いてる仕事もあれば向いてない仕事もあるし、向いてる人もいれば向いてない人もいる。
corona_work_depression.csv,要は働き方の選択肢が増えるということが一番大切なことだと思う。
corona_work_depression.csv,
corona_work_depression.csv,"個人的に思うテレワークのメリットは、人材を近隣からではなく全国からでも選べるようになったことだと感じました。"""
corona_work_depression.csv,年間20日程度しか出社していません。在宅ワークに関しては楽というより、時間が有効的に活用できる、という表現が正しいと思います。
corona_work_depression.csv,特に共働きですから、通勤時間に充てている時間を家事や育児に回す事が可能です。これからの企業は「必ず在宅ワークを、必ず出社を」といったことではなく、状況や業務内容に合わせて柔軟に対応を、という指示と、それが出来るだけの環境を目指してくれれば働き手がより充実した毎日を送れると思います。従業員は、在宅ワークと出社のメリット、デメリットを理解した上で対応出来れば1番いいですね。
corona_work_depression.csv,
corona_work_depression.csv,"とはいえ在宅ワークが難しい業務内容に関しては、出社せざるを得ないですが…"""
corona_work_depression.csv,昔から満員電車が大嫌い…
corona_work_depression.csv,
corona_work_depression.csv,企業と雇用契約を締結するときに自家用車での移動条件を認めてくれる企業で働いていました。要求される成果を出す事を条件に社内仕事は在宅で行っていました。当時はセキュリティが緩かったので自宅用の通信設備やパソコンなどは自費でしたが、通勤と言う無駄な時間を仕事に費やして成果を上げていました。
corona_work_depression.csv,
corona_work_depression.csv,在宅ワークで明確な成果を求められないのであればそれは楽な仕事であり自由な時間もある。そんな夏休みのような生活から出社を求められれば嫌なものなのでは？
corona_work_depression.csv,
corona_work_depression.csv,"中には再拡大すれば良いのにと思う者もいるのでは？"""
corona_work_depression.csv,この人には悪いけど産業医は信用出来ないんだよね。結局、企業に雇われた人だから企業に都合の良い判断しかしない人が結構いるし、実際に面談という場において上司と部下で先ずは面談するのが最初になるけど、上司と個別面談するケースでは上司から聞いた状況を基に診断する。だから実績に数十社あると言われても上司側や会社側の人間にとっては良いのかもしれないけど、医者としての信頼度では無いと思ってる。こういう意味でも産業医という仕組みも本当は政府や行政が管理すべき部分だと思うのだけど今の所は医者自身のモラルや意識に委ねるしかないんだよね。
corona_work_depression.csv,「人は多忙な状況であっても毎日、同じことを繰り返すだけであれば大きなストレスを感じません。同じ刺激には次第に慣れてくるのです。」
corona_work_depression.csv,
corona_work_depression.csv,とありますが、慣れではなく感覚がマヒしてるだけのケースもあるのでちょっと違うかなと思いました。
corona_work_depression.csv,
corona_work_depression.csv,コロナの再拡大もあるため、いまいちど仕事の仕方を見直した方がいいのではないかと個人的に思います。
corona_work_depression.csv,
corona_work_depression.csv,業種や職種によるところもありますが、強制的に全員出社ではなく、仕事の状況や個人の希望などを今一度確認したうえで、在宅も柔軟に取り入れていける社内の仕組みを整えていくのが将来的にも理想だと考えています。
corona_work_depression.csv,
corona_work_depression.csv,"クラスター起きて大問題、大混乱などになるよりは整備しておいた方がいいんじゃないのかな、と、上司に言えないのでここで言わせてもらいます。"""
corona_work_depression.csv,3月まではフル在宅。4月からは異動で週一在宅。
corona_work_depression.csv,どちらがいいかというと個人的には在宅。在宅でできる仕事限定だけど、出社の電車等のストレスがないのが大きい。
corona_work_depression.csv,けど出社しないとできない仕事もあるし、顔合わせた方がいいことももちろんある。
corona_work_depression.csv,あとは育児の面でも在宅の方がいい。
corona_work_depression.csv,
corona_work_depression.csv,でも独身一人暮らしの人にはそのメリットはないだろうし、フルリモートだと誰とも喋らずに1日が終わる。それもストレス。
corona_work_depression.csv,それぞれの生き方で選べればいいんだけど、いろんな意見あるし難しいよね。
corona_work_depression.csv,"個人的にはいまの週一在宅を継続はしていきたい。"""
corona_work_depression.csv,結果を残せるのであれば在宅でもよいがパフォーマンスが落ちてしまうようならダメだと思う。日本の働き方は結果を重視しないので在宅勤務で頑張っていますというのは説明が難しい側面がある。また、対面でアイディア出しなど雑談の中から生まれることも重要で、仕事の裁量権がある人がハイブリットで働くのが良いと思う。在宅の楽さだけを強調するだけではダメになる。
corona_work_depression.csv,出社している時と同じパフォーマンスが出せて、チームメンバーとコミュニケーションが取れる。それができれば育児や家事だって全く問題ない。そもそもテレワークってコロナだからっていう会社が大部分みたいだけど、働き方改革の流れで随分前から議論されてきたという事を思い出そう。効率が悪くなる云々というのは、何となくそんな感じがするっていうのではなく、チームメンバーを管理する上司や経営陣が数字で判断し従業員に対して説明をする。昔、フレックスタイムが会社に導入された後に出社時間がルーズになって取引先からもクレームが多く入った事があった。そういう事実を経営陣から全社員にきちんと共有された上でフレックス制度は無くなったのだけど、その時は皆、納得していた（皆が思い当たるフシがあっただろうし）。在宅を無くすのは各企業の方針だけど全社員がちゃんと納得する根拠を示すことが必要です。
corona_work_depression.csv,楽を視点に考える段階でダメだと思う。
corona_work_depression.csv,賃金分だけの働きができているかどうか。これは在宅、出社には関わらずまず査定すべきこと。
corona_work_depression.csv,あと、事務系は在宅に切り替えられるはず。
corona_work_depression.csv,できないのはただ単に設備が整っていないこととスキルが足りないだけでこれで会社の人材教育のレベルが分かる。
corona_work_depression.csv,"そう考えると非正規で人件費を浮かすことを考える企業が多い日本では見合う会社は少ないと思う。"""
corona_work_depression.csv,在宅でやっていますが、やはり時間や体調の良さが格段に違います。
corona_work_depression.csv,"睡眠が、確保しやすく、なおかつ、通勤の時間を自分が満足できる何かに充てられるのでストレスも減ります。仕事柄難しい職種も多いとは思うので、やりたい仕事を取るか、少し妥協して環境を取るか。そこ次第ではないでしょうか。会社に強要するのは違うと思いますので、難しい。"""
corona_work_depression10.csv,comment
corona_work_depression10.csv,自分は元から自宅でする仕事だけど、メインで契約している会社はすでに全員が通常勤務だよ。
corona_work_depression10.csv,同業他社がテレワークで動きが鈍く、クライアントの要求に即日で取り組めないためどんどん仕事が増えている。結果、自分も忙しい。
corona_work_depression10.csv,実際、食うか食われるか、５年もすればかなりの差が出ると思うわ。肝心の会社自体が傾いたときに、ストレスだ何だと言ってたのが恥ずかしくなるんじゃない？
corona_work_depression10.csv,"それにコロナ前からリモートワークはあった。週三日勤務の部長職とかもいた。特別な能力のある人は、何としても会社は繋ぎ止めておきたかったからね。奇しくもリモートワークはこんなに社員数は要らなかったというのも浮き彫りにしてますね。貴方は何か特別なものを持ってますか？　どこにでもいる代えのきく歯車だったりしない？"""
corona_work_depression10.csv,コロナ渦にリモート勤務で対応できる範囲が拡大した事は働き方のフレキシビリティを高める事に繋がり、これは正に「進化」と言える。リモートで済む事に対してもし通勤という「無駄」を義務として課すようであればそれは「退化」と言える。労務管理の観点からは経営側の意図や懸念は理解できなくはないですが。
corona_work_depression10.csv,在宅、出社、どっちでもいいけど、会社全体がそれで利益出てるかどうかでしょ。
corona_work_depression10.csv,在宅から出社に切り替わってる会社は、結局在宅だとうまく利益が出せなかったからでしょう。
corona_work_depression10.csv,ただ、在宅で利益出せない会社が悪とは全く思いません。
corona_work_depression10.csv,"私は在宅より出社の方が仕事しやすいタイプなので…"""
corona_work_depression10.csv,往復の通勤時間が在宅ワークになり無くなった分、働く時間は増えたが打ち合わせでなく構築実装する時間が増えたので、トータルの働く時間は減った。
corona_work_depression10.csv,
corona_work_depression10.csv,オフィス出社はないが、客先に行くことがあるので、それが時間の無駄でストレスかな？
corona_work_depression10.csv,"働く事はストレスでしかないけど、なるべくなら減らしたいよね。"""
corona_work_depression10.csv,結果主義に基づくなら在宅の方が、パフォーマンスが上がる。
corona_work_depression10.csv,個人情報云々言い出すと、在宅はできなくなってしまうのはわかる。
corona_work_depression10.csv,"在宅で結果出してる人を、無駄に出社しての勤務に変更するのは、やめた方が会社にも有益だと思う。"""
corona_work_depression10.csv,陽性者を感染者扱いするなど騒動当初から数字を恣意的に操作している疑いは拭えません
corona_work_depression10.csv,検査方法にしても開発者自身が感染症検査には用いてはならないことを公表した後亡くなっています
corona_work_depression10.csv,"政府、御用マスコミの情報のみを鵜呑みにせず、ぜひご自身で調べて事実を掴んで判断なさってください"""
corona_work_depression10.csv,在宅とか関係なく上司とか管理側次第だと思いますけどね。みんなイライラしてるけど上司だからって周囲に甘えてる人を見るとやたらイライラしますね。
corona_work_depression10.csv,責任持って管理してほしいけど実際には体力のある人が仕事やっちゃって評価されていればいいんだからまともに悩むだけ無駄だったりする。だからサボったもんが勝ち。
corona_work_depression10.csv,"それでいいのか省みる人もいない。"""
corona_work_depression10.csv,私が働いている会社は、業務部隊は在宅継続。出社は管理職判断です。出社の際はフルタイムでの出勤に限られてます。
corona_work_depression10.csv,私は管理職なのですが、社内で対面MTGがあり出社を依頼したら、MTG、10分前にきて、終わったら勝手に帰っていった。後日注意したら、子供が帰ってくるのに会社に出ろというのかと、逆ギレされた。結局、その人は働き方が合わないと言ってやめていった。周りのスタッフの事など、何も考えていない様子でした。
corona_work_depression10.csv,"辞めてくれて良かった。"""
corona_work_depression10.csv,典型的なメンバーシップ型の昭和の大企業のイメージだね。
corona_work_depression10.csv,オフィスじゃないとコピー機やプリンタがどうこうって。　いまどき紙使う？
corona_work_depression10.csv,書類の持ち出しなんてめちゃくちゃ厳しくて余程のことがないとコピー機もプリンタも使わないけど、まだそういう業種もたくさんあるのかな？　「紙は使わない」と決めればいいだけの話だと思うけど、出社させるための言い訳にしてる気がするな。
corona_work_depression10.csv,
corona_work_depression10.csv,まぁオフィスでダラダラ過ごして残業代を稼ぎたい人も多いだろうから、そういう人だけ出社させればいいんじゃないかな。
corona_work_depression10.csv,
corona_work_depression10.csv,そもそも海外とのビジネスが多い業界は顧客とのやり取りは必然的にリモートになるわけで、実際に顔を合わせるのは数ヶ月に一回とかが普通。
corona_work_depression10.csv,"デスクワークが主体の仕事は出社もその頻度で充分なんじゃないかな。"""
corona_work_depression10.csv,給料が低く、内部留保が多いのも、超不景気になって赤字続きになっても
corona_work_depression10.csv,給料を支払うための蓄えだし、能力が低くても簡単にクビにならないし、
corona_work_depression10.csv,出社の有無くらい安い問題だと思うぞ。
corona_work_depression10.csv,当方みたいに、幸か不幸か正規雇用というスタートラインにすら立てず、
corona_work_depression10.csv,"独立した人もいるんだし、贅沢言っちゃいけないぞ。"""
corona_work_depression11.csv,comment
corona_work_depression11.csv,> 3月にまん延防止等重点措置が全面的に解除され、在宅勤務が中心だった生活から、再び満員電車で通勤し、オフィスで仕事をする人も増加。
corona_work_depression11.csv,
corona_work_depression11.csv,なんだか、一方的な見方をしてるけど、在宅勤務が中心だった人がそれ程多かったのかどうか？
corona_work_depression11.csv,まん防の時ですら、満員電車の中で通勤し、感染しないかどうか不安だった。
corona_work_depression11.csv,早起きをせず、満員電車の揉まれず、感染のリスクがなく、周りの目を気にせず、ほとんどの日が在宅勤務だった人たちを羨ましく思ったこともあった。
corona_work_depression11.csv,"それだけにこの記事は何か違和感を覚える。"""
corona_work_depression11.csv,医者が通勤を推奨するようだからこの国はダメになる。日本の通勤環境を知っているのか？医者は快適な通勤をしているんだろう。会社員はどうだ？財布を落としたら電車を止めるような国だぞ。快適な通勤なんて皆無だ。テレワークが減ってからどれだけ電車は遅延していると思う？毎日だ。たったの一日も遅延せずに運行出来ない。それが今の日本だ。都庁は満員電車を無くすんじゃなかったのか？そもそも、テレワークで済む仕事は絶対にある。生産性が上がる仕事もある。ある期間はテレワークで集中した方が良い仕事だってある。この国の問題は働く側に選択肢がないことだ。何でも一律主義。この国は社会主義なんだよね、発想が。あの人はテレワークなのに自分はとかさ。業務内容とかキャリア、経験でも違うだろう。臨機応変って言葉がこれほど馴染まない国もないな。個々の生産性なんて上がるわけがない。
corona_work_depression11.csv,難しいねー、
corona_work_depression11.csv,在宅で不便もないし、むしろ効率が良い。という意見も多いけど、人々が出社することで、昼食など、都心周辺の飲食業は成り立っているし、交通機関も安定収入を得る。
corona_work_depression11.csv,帰りに寄り道をする人々でファッション業界や居酒屋は儲かる。
corona_work_depression11.csv,"テレワークで企業としてはオフィス代、交通費もろもろの経費は浮くことになるけど、広い目で経済を回すなら、出社が必要なのかもしれない。"""
corona_work_depression11.csv,とにかくメンタルが弱すぎる、もっと仕事に真剣に向き合ってほしい。
corona_work_depression11.csv,この鬱病とは何ぞや？みたいな発言を繰り返していた先輩がこのコロナ禍の厳しい状況で鬱になりました。
corona_work_depression11.csv,確かに多少なりとも鬱やメンタル面の不調を言い訳を使っている人はいるでしょうが、基本マジメな人ほど鬱病になりやすいものと感じました。
corona_work_depression11.csv,"コロナに対するしっかりとした対策ができるまでは出社と在宅を上手く使い分け会社、社員ともにWin-Winな働き方を確立してもらえるとありがたいですね。"""
corona_work_depression11.csv,知り合いが出社に戻ったのに家が遠いからコロナに感染するのが怖いから在宅したいと会社に申し出ててほとんどみんな出社しているらしいのに在宅を貫いていた。
corona_work_depression11.csv,その人も出社時間が無駄！と声高々に言っていた。
corona_work_depression11.csv,でも会社の書類の印刷をコンビニでしていたりカフェに居座って画面丸出しで仕事してたらコンプライアンス的になんだか危ない人だなと思った。
corona_work_depression11.csv,"もし在宅がスタンダードになると会社は社員のモラルや情報漏洩にも気をつけないといけないですね。"""
corona_work_depression11.csv,通勤でメンタルやられるくらいなら申し訳ないが最初から都会の会社に就職しなきゃ良かったじゃんとしか言えない。
corona_work_depression11.csv,ステイタスや給与が魅力だからその企業に入ったんでしょ。
corona_work_depression11.csv,その仕事がどうしてもやりたくて就職したのに通勤が嫌なら家賃か部屋の狭さを我慢して会社の近くに住めばいい。
corona_work_depression11.csv,"そうでなければ田舎に移住してスローライフをやった方が心身ともに健康だよ。"""
corona_work_depression11.csv,元々出社していたでしょ?の話し。
corona_work_depression11.csv,在宅勤務の気楽さを知ってしまったから戻りたくないだけの事のように思います。
corona_work_depression11.csv,どうしても出社が嫌なら、在宅勤務可能の企業に転職するしかないでしょう。
corona_work_depression11.csv,"在宅勤務だと業務が成立しない部署もあり、可能な部署だけ在宅勤務にすると不公平感が増すので一律全部署出社にするのは理解出来ますよ。"""
corona_work_depression11.csv,在宅ワークからスタートした新入社員に、明日から会社に出勤して来て頂戴は現在の若者にはキツイかな。zoomなどで話していると思うけど、いざ対面で話すとオーラが出ているから蹲って話せなくなる。
corona_work_depression11.csv,若い人達はパソコン能力はあるが、これが若い人の欠点。
corona_work_depression11.csv,"技術力も大切だが、以前の会社でメンタルを崩されました。って言われたら嫌だから、在宅ワークをやらせる前に営業か、人との交わる話しを多くする課に数ヶ月勤務させた方がいいよ。"""
corona_work_depression11.csv,ハイブリッドが一番楽だし充実してると感じる
corona_work_depression11.csv,重い案件かかえてて少し心細いときは、敢えて出社して他の人に相談してみたりもするし職場の仲良い人と雑談したりするのも楽しい
corona_work_depression11.csv,
corona_work_depression11.csv,"資格の勉強もしているので、在宅勤務の日は勉強の時間がしっかりとれる"""
corona_work_depression11.csv,在宅勤務から職場に戻ってきた人の中に、ダメになってる人が何人がいる。
corona_work_depression11.csv,集中力が持たなくて席に座っていられず、15分毎に席を離れて休憩したり、実際の作業も今まで家から職場に出社している人に「あれやっといて」「これお願い」で仕事が済んでいたので、オフィスにいるのに近くの席の後輩に電話して頼んでるような状態。
corona_work_depression11.csv,理由を聞くとやり方を忘れたとのことだが、どう見ても面倒くさくなってしまっている。
corona_work_depression11.csv,朝もギリギリ（若干遅刻）で出社して、午後3時を過ぎると、もう次の仕事には手を付けず、休憩に入る。
corona_work_depression11.csv,
corona_work_depression11.csv,今まではウェブ会議に参加して日程通りに仕事をしていれば良かったが、その日程も本人に進捗を確認して、遅れているようならリスケをしていたので…
corona_work_depression11.csv,"在宅勤務の人たちが、仕事のペースを落として楽をしていたのを気が付かなかったのが悪いのだが、一部の人ではあるが、出社が嫌になって、辞めると言い出すだろうなと、思ってる。"""
corona_work_depression12.csv,comment
corona_work_depression12.csv,＞「4月から毎日出社するように」と急に言われても生活リズムがつかめませんし当然、先輩や上司とのコミュニケーションがうまく取れない。
corona_work_depression12.csv,
corona_work_depression12.csv,夏休み明けの子供か……って感じですね。
corona_work_depression12.csv,出社しだせば1週間もあればリズムくらいつかめるでしょ。
corona_work_depression12.csv,コミュニケーションにしても、コミュ障でも無ければ同様。
corona_work_depression12.csv,
corona_work_depression12.csv,＞一方で出社すると、口答で挨拶や雑談をしたうえで、ようやく業務上の内容をめぐる会話が行われます。
corona_work_depression12.csv,
corona_work_depression12.csv,何らかの根回しがしたくて話を持っていってるとかなら別だけど、通常業務上の用事があって話しかけるのに、雑談から会話を始める、なんて事は無いですから。
corona_work_depression12.csv,
corona_work_depression12.csv,相手の時間奪ってるのに長々と関係の無い話してくるようなのは相手にしたく無いですし。
corona_work_depression12.csv,雑談は雑談として行うけど、業務上の用事があるなら、さっさと要件を言え、ですよ。
corona_work_depression12.csv,
corona_work_depression12.csv,"後、挨拶くらいで気疲れしてたら社会生活やっていけないと思います。"""
corona_work_depression12.csv,月の半分が在宅ワーク。出勤時のメークや満員電車から解放されるのは良かったです。でも、電気代、水道代が去年より跳ね上がりましたね。まあ、値上げもあるんですけど。こちらは勤続年数も長いし事務職なので良いんですが、新入社員はキツイんじゃないかなぁ。社内事、なんにも知らないし。とりあえず与えられた仕事だけこなすって感じで。職種によっては退職者続出にもなりかねない。
corona_work_depression12.csv,在宅の方が生産性が高いと思っています。
corona_work_depression12.csv,出勤の疲れがなく、睡眠時間が長く取れ頭が冴えています。
corona_work_depression12.csv,パソコンを操作する仕事なので、出勤すると、前後左右の人の視線や、くしゃみなどの仕草や音、この時期は匂いが気になるので、そのせいで集中が途切れてしまうことがありますが、テレワークだとそれがないですしね。
corona_work_depression12.csv,"今のご時世、ずっとテレワークで良いのに、面着をすすめて出社や出張を促すような人は、いかがなものでしょうか。。。"""
corona_work_depression12.csv,週2回の出社だけなのに、「今日出社する必要ありませんでしたね」と、結果的にそうだった日でも吐き捨てて帰る若手社員がいました。
corona_work_depression12.csv,
corona_work_depression12.csv,週3のハイブリッドになると、出社日だけ体調不良で休むようになりました。
corona_work_depression12.csv,
corona_work_depression12.csv,結局退職するそうですが、採用時に期待していた程度のスキルがあった訳ではなかったので、やめて貰えて良かったです。。
corona_work_depression12.csv,
corona_work_depression12.csv,"不満だけは並べる若手、どうにかならんものですかね。。"""
corona_work_depression12.csv,何でも急ハンドルを切るのは危険ですね。人によっては変化に対するストレスがすごくあります。コロナ急拡大の時は準備期間なんて言ってられず仕方なかったが、戻す時は段階的にする配慮あってもいいんじゃんしでしょうか。それでも駄目な人がいたら、正直そこまで会社は面倒見切れないでしょう。
corona_work_depression12.csv,在宅勤務はコロナ対策ではない。これからの新しいワークスタイルである。都内の一極集中、高額な支出が伴う事務所の所有・管理、無駄な通勤時間・経費等、もっとメリットとデメリットを考えて欲しい。
corona_work_depression12.csv,要は楽を知ってしまったからでしょ？
corona_work_depression12.csv,でも会社側がいろんな側面から出社を決めた以上、いくら嫌でも給料欲しければ行くしかない。
corona_work_depression12.csv,"在宅でもできるのにと言うけど、仕事っていうのは繋がってるものだからね。個人完結できるような仕事じゃない限り、必ず出社してる誰かがフォローしてくれてるもんだよ。"""
corona_work_depression12.csv,在宅の方が楽だし、さぼってる人も多い。楽な方に流れる人ほど普通の生活にもどれないと思う。
corona_work_depression12.csv,コミニュケーションもとれなくなって、引きこもりがちな社員を多くかかえる事になったら企業はこれから大変かも。情報漏洩も増える。
corona_work_depression12.csv,リモートの社員がいると、仕事も進みにくいし、会議もいちいちその人の為にリモート繋ぐの面倒。。。
corona_work_depression12.csv,そもそもまだリモートしてる理由なに？
corona_work_depression12.csv,"私は昨年から通常勤務しているけど、自分も社内もコロナはいない。"""
corona_work_depression12.csv,例えば9時始業で、リモートであることをいいことに8時50分頃まで寝て、パジャマで業務開始なんていう人もいるみたいだし、そういう人は、いざ出社しろと言われると、週1でもたぶんきついんだろう。メンタルにまで影響が及ぶような人は、在宅でも基本余り生活スタイルを大きく変えずに仕事をした方がいいよ。
corona_work_depression12.csv,在宅にしてハッキリ二極化しましたね
corona_work_depression12.csv,在宅でも結果がだせる人
corona_work_depression12.csv,能力があったのにパフォーマンス低下した方
corona_work_depression12.csv,ほんとに難しいです
corona_work_depression12.csv,在宅ワーク中心にするには早すぎると感じました
corona_work_depression12.csv,労務条件が緩和されれば在宅でも良いと思います
corona_work_depression12.csv,在宅によって優秀な人材が集まるのか？
corona_work_depression12.csv,出社させることにより人材が離れていくのか？
corona_work_depression12.csv,"迷うことばかりです"""
corona_work_depression13.csv,comment
corona_work_depression13.csv,満員電車や長時間通勤がストレスならば、職場の近くに引っ越すなり、地方へ転職するなどして下さい。
corona_work_depression13.csv,"どうしたって出社してる人に、業務の負担がかかってきます。仕事してると、どうしても担当の線引きができない事ってありますよ。表向きは感じ良く対応してますが、内心は自分の仕事だけ集中できて楽で良いよね、と思います。そりゃあ、テレワークしてた人は、出社したくないでしょう。"""
corona_work_depression13.csv,反論は多いと思うけど、なに甘えた事言ってんの？と思う。
corona_work_depression13.csv,私はサービス業に従事しており、コロナ禍初期に世の中こぞって自粛に入った頃には職場は休業となり長期間にわたって無職状態だった。
corona_work_depression13.csv,夫も職種は違えどサービス業で、そちらは幸い営業を続けることができたので夫婦揃って無収入にはならずに済んだがいくつもの感染ピークを越えて社会がかなり落ち着いてくるまでずっと不安な日々だった。
corona_work_depression13.csv,そんな中、リモートで働けているひと握りの人たちは本当に恵まれているなぁと思っていた。
corona_work_depression13.csv,「おうち時間」なんていう言葉も生まれ、リモート民たちはこの非日常を楽しんですらいた。
corona_work_depression13.csv,私のように休まざるを得なかった人や、現場に出て行かなければ物理的に回らない職種の人たちは、おうち時間を謳歌できる人々を尻目に不自由を感じながらこの2年半を生きてきた。
corona_work_depression13.csv,"ぶっちゃけコロナ前の働き方に戻るだけなのに何言ってんだと思うよ。"""
corona_work_depression13.csv,在宅勤務で成果が出せる、出社より効率良く働ける人は、自分に厳しくちゃんとコントロールできる人だなと感じる。私も在宅メインだけど、人の目がないと怠けてしまうし効率も下がったなと感じることが多い。サボった分は自己責任でカバーしているけれど。自分に甘々です…。
corona_work_depression13.csv,事務仕事なのに、来客の対応や郵便物受け取りがあるがため、在宅ワークで楽している他のスタッフたちを横目に、コロナ前と何ら変わらず、感染リスクを背負いながらずっと出社してきた。出社している数少ないスタッフが、在宅ワークしているスタッフにリモートコントロールされて仕事をフォローすことも多々あった。そんな立場から言わせてもらうと、「出社が恐怖でメンタルやられる」なんて甘いこと言っちゃってふざけるなというのか心情。
corona_work_depression13.csv,基本的には出勤して、仕事をするのが基本だと考えます。
corona_work_depression13.csv,
corona_work_depression13.csv,職場の皆さんとのコミュニケーションはもちろん、対面来客対応など出来得る限り顔が見える仕事をしながらも、ストレス解消の為に
corona_work_depression13.csv,離島や山間部など避暑地に出張所を設けて、2、3ヶ月サイクルでテレワーク&リフレッシュ
corona_work_depression13.csv,業務は如何なものでしょうか。
corona_work_depression13.csv,
corona_work_depression13.csv,
corona_work_depression13.csv,全てがリモートワークになれば、出勤や営業の為の公共交通機関利用率が減り、逆に、赤字経営になり困る事業所も出てくるのでは無いでしょうか。
corona_work_depression13.csv,
corona_work_depression13.csv,"バス、電車の運行回数が減れば、そのツケは自分達に回って来ないだろうか。"""
corona_work_depression13.csv,デスクワークや書類づくりなど、一人のほうがはかどる仕事や情報共有のオンライン会議などをまとめて週3日在宅、残りは議論や客先訪問など2日を出社しています。
corona_work_depression13.csv,といっても、出社2日のうちオフィスにいるのは3 時間位で残りは外出で出先で仕事してます。
corona_work_depression13.csv,時間の使い方に無駄がなくなったし、効率もよいです。
corona_work_depression13.csv,
corona_work_depression13.csv,でも会社にいない時間は働いてないと思うオッサンが多くていやです。（わたしもおっさんですが。）
corona_work_depression13.csv,
corona_work_depression13.csv,"いまだに出社が正義と思う人が多いですねぇ。"""
corona_work_depression13.csv,オフィスでの仕事が苦なのではなく、通勤の時間とストレスがいかに無駄で体力を使っていたかということ。
corona_work_depression13.csv,都会の無駄な通勤時間を解決してくれるならどちらでもいい。
corona_work_depression13.csv,"そもそも仕事は効率的に結果が出るのが一番良い。通勤という時間に生産性はない。"""
corona_work_depression13.csv,"そろそろ、出社組と在宅組の""生産性""を""数値化""しないとね♪"
corona_work_depression13.csv,
corona_work_depression13.csv,どっちが楽・難しいとか関係なく、
corona_work_depression13.csv,⇒生産性の高い方がそれだけ稼ぐんだから、給与が出て当然でしょう
corona_work_depression13.csv,
corona_work_depression13.csv,単純に、生産性の差を掛け算した給与を提示して
corona_work_depression13.csv,・・・さて、どっちがいいですか？
corona_work_depression13.csv,って話では？？
corona_work_depression13.csv,
corona_work_depression13.csv,
corona_work_depression13.csv,
corona_work_depression13.csv,"頑張ってる・工夫してる・チャレンジが、、、等、一切関係ないと思います♪"""
corona_work_depression13.csv,一律出社でいいだろう。
corona_work_depression13.csv,人の考え方、感じ方は千差万別。向いてる人もいれば全然ダメな人もいる。
corona_work_depression13.csv,でも、そんなことをいちいち会社から対応するなんて現実的に無理。
corona_work_depression13.csv,通勤が嫌なら通勤がない会社で働くかフリーランスになるか「個人」で考える。
corona_work_depression13.csv,出社することでメンタルやられるとか、もはや働けないでしょう。というか生きていけない。そんな人が生き残るために金使うから、本来生き残れる人たちの生活が厳しくなる。
corona_work_depression13.csv,我慢できない、我慢を知らない、精神力を保つことを知らない人が多いと、集団は崩壊するよね。
corona_work_depression13.csv,"過ぎたるは猶及ばざるが如し。根性論は大嫌いだけど、もやしメンタル保護も大嫌い。"""
corona_work_depression13.csv,在宅が良いなら、在宅できる会社に行けばよい。しかし、会社の制度は不変でないので注意も必要。
corona_work_depression13.csv,"フリーでできるに能力があれば毎日、永遠に在宅が可になるので自分次第なのではないのかな。将来への不安を抱えつつフリーで在宅を続けるほうがメンタルしんどい気もするが。"""
corona_work_depression14.csv,comment
corona_work_depression14.csv,例えば9時始業で、リモートであることをいいことに8時50分頃まで寝て、パジャマで業務開始なんていう人もいるみたいだし、そういう人は、いざ出社しろと言われると、週1でもたぶんきついんだろう。メンタルにまで影響が及ぶような人は、在宅でも基本余り生活スタイルを大きく変えずに仕事をした方がいいよ。
corona_work_depression14.csv,職種によるだろうし、
corona_work_depression14.csv,ゼロかヒャクかで判断できるような内容でもない。
corona_work_depression14.csv,性格的な向き不向きもあるだろうし。
corona_work_depression14.csv,
corona_work_depression14.csv,それぞれが論理的に決定できていれば、どうでも良い内容。
corona_work_depression14.csv,
corona_work_depression14.csv,
corona_work_depression14.csv,"でも大抵のホワイトワーカーは、「出社と在宅の組み合わせ」が最適解なんだろうなーと思う。"""
corona_work_depression14.csv,在宅にしてハッキリ二極化しましたね
corona_work_depression14.csv,在宅でも結果がだせる人
corona_work_depression14.csv,能力があったのにパフォーマンス低下した方
corona_work_depression14.csv,ほんとに難しいです
corona_work_depression14.csv,在宅ワーク中心にするには早すぎると感じました
corona_work_depression14.csv,労務条件が緩和されれば在宅でも良いと思います
corona_work_depression14.csv,在宅によって優秀な人材が集まるのか？
corona_work_depression14.csv,出社させることにより人材が離れていくのか？
corona_work_depression14.csv,"迷うことばかりです"""
corona_work_depression14.csv,満員電車や長時間通勤がストレスならば、職場の近くに引っ越すなり、地方へ転職するなどして下さい。
corona_work_depression14.csv,"どうしたって出社してる人に、業務の負担がかかってきます。仕事してると、どうしても担当の線引きができない事ってありますよ。表向きは感じ良く対応してますが、内心は自分の仕事だけ集中できて楽で良いよね、と思います。そりゃあ、テレワークしてた人は、出社したくないでしょう。"""
corona_work_depression14.csv,コロナ禍で働き方改革が一気に進んだと言える
corona_work_depression14.csv,通勤圏内に住まないといけないということもなくなった
corona_work_depression14.csv,ＩＴ化も進んだ
corona_work_depression14.csv,ただ、振り返り、さらなる改革の進化が必要なのかもしれない
corona_work_depression14.csv,"単純にコロナ禍が落ち着いてきたから全員出社は、時代に逆行していると思います！"""
corona_work_depression14.csv,今まで復帰が難しかった人材が在宅なら働ける。人口が減っていく日本でこんなに有効な打ち手が今まであったか？今までの根性論で台風でも地震でも満員電車でも、何でもかんでも出社命の昭和の働き方がやっと終わったんだよ。出社が必要な仕事の人は満員電車が無くなって働きやすくなる。とにかく、一律にするほど合わない人材は出てくるし、各企業はここで今後10年先の差がつくよ。
corona_work_depression14.csv,在宅勤務で成果が出せる、出社より効率良く働ける人は、自分に厳しくちゃんとコントロールできる人だなと感じる。私も在宅メインだけど、人の目がないと怠けてしまうし効率も下がったなと感じることが多い。サボった分は自己責任でカバーしているけれど。自分に甘々です…。
corona_work_depression14.csv,反論は多いと思うけど、なに甘えた事言ってんの？と思う。
corona_work_depression14.csv,私はサービス業に従事しており、コロナ禍初期に世の中こぞって自粛に入った頃には職場は休業となり長期間にわたって無職状態だった。
corona_work_depression14.csv,夫も職種は違えどサービス業で、そちらは幸い営業を続けることができたので夫婦揃って無収入にはならずに済んだがいくつもの感染ピークを越えて社会がかなり落ち着いてくるまでずっと不安な日々だった。
corona_work_depression14.csv,そんな中、リモートで働けているひと握りの人たちは本当に恵まれているなぁと思っていた。
corona_work_depression14.csv,「おうち時間」なんていう言葉も生まれ、リモート民たちはこの非日常を楽しんですらいた。
corona_work_depression14.csv,私のように休まざるを得なかった人や、現場に出て行かなければ物理的に回らない職種の人たちは、おうち時間を謳歌できる人々を尻目に不自由を感じながらこの2年半を生きてきた。
corona_work_depression14.csv,"ぶっちゃけコロナ前の働き方に戻るだけなのに何言ってんだと思うよ。"""
corona_work_depression14.csv,事務仕事なのに、来客の対応や郵便物受け取りがあるがため、在宅ワークで楽している他のスタッフたちを横目に、コロナ前と何ら変わらず、感染リスクを背負いながらずっと出社してきた。出社している数少ないスタッフが、在宅ワークしているスタッフにリモートコントロールされて仕事をフォローすことも多々あった。そんな立場から言わせてもらうと、「出社が恐怖でメンタルやられる」なんて甘いこと言っちゃってふざけるなというのか心情。
corona_work_depression14.csv,基本的には出勤して、仕事をするのが基本だと考えます。
corona_work_depression14.csv,
corona_work_depression14.csv,職場の皆さんとのコミュニケーションはもちろん、対面来客対応など出来得る限り顔が見える仕事をしながらも、ストレス解消の為に
corona_work_depression14.csv,離島や山間部など避暑地に出張所を設けて、2、3ヶ月サイクルでテレワーク&リフレッシュ
corona_work_depression14.csv,業務は如何なものでしょうか。
corona_work_depression14.csv,
corona_work_depression14.csv,
corona_work_depression14.csv,全てがリモートワークになれば、出勤や営業の為の公共交通機関利用率が減り、逆に、赤字経営になり困る事業所も出てくるのでは無いでしょうか。
corona_work_depression14.csv,
corona_work_depression14.csv,"バス、電車の運行回数が減れば、そのツケは自分達に回って来ないだろうか。"""
corona_work_depression2.csv,comment
corona_work_depression2.csv,今回のコロナ禍における在宅勤務というのは、苦肉の策でありつつ、これからの働き方への方向性の一つでもありました。
corona_work_depression2.csv,ただ勘違いしてならないのは、「これからは全てが在宅ワークの時代」ではないこと。外で働く、在宅で働く、どちらの手段も出来るような社会ということでしょう。
corona_work_depression2.csv,もともと外でしか出来ない、在宅でしか出来ない仕事もあります。
corona_work_depression2.csv,
corona_work_depression2.csv,会社通いにくらべ、もともとの在宅ワークは補償や給料が足りない職種でもありますが、家で自分の時間を作って仕事が出来るというメリットがあります。
corona_work_depression2.csv,ただ今回のように会社の補償をうけつつ在宅ワークという、働く側にとってだけ二重のメリットを得る形態というのは、さすがに続けるとなると会社が大変でしょう。
corona_work_depression2.csv,
corona_work_depression2.csv,"そういう意味でもこれからは在宅、出社勤務どちらも出来る人がこれから更に脚光をあびるでしょう。大谷さんではないけれど、本当の意味で二刀流の時代かもしれませんね。"""
corona_work_depression2.csv,リモートワークって周りの仕事を手伝うという事がないよね。
corona_work_depression2.csv,自分に与えられた仕事だけしてればいいのはラクだけど、同じ部署でも他メンバーの企画立案や準備を手伝うと、知識もプランの引き出しも増える。
corona_work_depression2.csv,自分一人の業務だけで覚える事は限界がある。
corona_work_depression2.csv,横にいて逐一業務の進捗見ながら教えた方が早いけど、できないから時間かかるし。
corona_work_depression2.csv,その社で長い経験があってどの部署の人でも話ができる人か、完全な専門職で自己完結する業務とか。パーツの制作のみを担当するとかリモートで大丈夫なものと、そうではない業務を分けて考えないと。
corona_work_depression2.csv,"複数人数のオンライン会議って同時に2人が発言したりクロストークできないから報告会になって、深い打合せにならないからね。"""
corona_work_depression2.csv,在宅で仕事出来るなら在宅の方が断然にいい。
corona_work_depression2.csv,一番は対人関係はストレス溜まるしストレスと上手く付き合っていくのが大変。それが無いだけでも天国に感じる。
corona_work_depression2.csv,"次に通勤時間がいかに無駄かわかる。片道1時間として往復2時間、出かける準備など含めたらもっと時間かかるとして在宅だとその時間が有効に使えるわけだからかなり大きい。"""
corona_work_depression2.csv,どちらが楽か、で言えばどう考えても在宅でしょうね。
corona_work_depression2.csv,"ただ行き帰りの寄り道も電車の乗り換えも、結構貴重な経験の場であって、最終的に経験値という意味では出社の方が色んな意味で高くなると思う。メインは既にある家族だけで会社は片手間にお金をもらえればいいや程度であれば、在宅の方がいいと思うが、これから社会に出て人間関係を広げる若者や、まだまだ世界を広げたい欲求がある人であれば経験値が高くなる方を選んだ方がいいと思う"""
corona_work_depression2.csv,在宅か出社、どちらがいいかはもう個々人違うので決められないと思うし
corona_work_depression2.csv,個人の裁量でいい
corona_work_depression2.csv,
corona_work_depression2.csv,在宅ならまず通勤の手間省け、育児介護に時間が割ける
corona_work_depression2.csv,一方でどうしても出社に比べ一人でやってる分入ってくる情報量が違う
corona_work_depression2.csv,孤立というメンタル面もあるし、何が成果か図るのが難しい
corona_work_depression2.csv,
corona_work_depression2.csv,出社のメリットはやはり情報量と人脈
corona_work_depression2.csv,両方やって分かるけど、全然違う
corona_work_depression2.csv,ただ、育児介護重視する層からすれば在宅のが良い
corona_work_depression2.csv,成果という面で見れば、在宅と何が違うのかよくわからない
corona_work_depression2.csv,
corona_work_depression2.csv,個々人で出社在宅、良い面悪い面を見極まて決めればいいと思う
corona_work_depression2.csv,会社はそれを尊重し、長時間労働やハラスメントを防止することに注力
corona_work_depression2.csv,
corona_work_depression2.csv,"これでいいんじゃないかな"""
corona_work_depression2.csv,確かにコロナ禍でにあって、入社1、2年の社員は5日連続で出社したことがないかもしれません。しかし学生時代も5日連続で定時に何処かに行くと言う習慣はなかったのではないでしょうか、毎日出社するというのは社会人への第一歩。これから始めれば良い。コロナどうこう言う話ではないと思います。
corona_work_depression2.csv,かく言う私も、コロナ禍で在宅での勤務となり、徐々に出社が週3→週4、、今や5日となり、しんどい気持ちはあります。でも、それは正月明けのシンドさとと同じ。ある意味当たり前。
corona_work_depression2.csv,"子育て世代や介護世代等、これからも在宅が上手く使われれば良いと思いますが、若者のメンタル問題とは別だと考えます。"""
corona_work_depression2.csv,体調の関係でやっと最近出社が出来る様になったのですが、半年間休職していたせいか、出社するのが少しシンドイ。
corona_work_depression2.csv,以前は当たり前に出来た事もなかなか出来ない。
corona_work_depression2.csv,昔は出来たのにとか考えない様にしてますが、事あるごとに感じてしまい少し凹む。
corona_work_depression2.csv,
corona_work_depression2.csv,"環境が変わると少なからずストレスを感じるのは仕方がないと思いますし、そのくらいのストレスなら多分時間が解決してくれると思いたいデス。"""
corona_work_depression2.csv,在宅だと時間が有効に使えるとか言っている人多いけど、
corona_work_depression2.csv,完全な綺麗事　自分が楽したいと思っているだけ。
corona_work_depression2.csv,しっかり働いて余った時間を有効に使えている人間なんて僅かだよ。
corona_work_depression2.csv,だから成果を厳しくチェックしなけらばならないと思う。
corona_work_depression2.csv,成果も挙げられずに在宅を強く希望する人は給料半分でもいいと思う。
corona_work_depression2.csv,"しっかり成果を挙げられ続けるなら問題ないが。"""
corona_work_depression2.csv,最近在宅から出社にシフトする企業が増えてやたら在宅ワークにしがみつく意見が多いけど、個人的に気になるのは育児が助かるって意見。
corona_work_depression2.csv,企業からしたら「仕事に集中出来ない環境」って事になる。それなら正式に育児休暇取るべきだし、保育施設に預けるなりしなければならない案件だと思う。
corona_work_depression2.csv,そもそもコロナ禍における暫定的な人道的配慮でやむなく容認していた事なのにいつの間にか労働者の既得権みたいに業績や業務上の影響無視して在宅の継続を主張するとか筋が通ってない気がする。
corona_work_depression2.csv,"そんなに出社や通勤が苦痛なら退職された方が良いのではないでしょうか？"""
corona_work_depression2.csv,どのような方法を取ったって合わない人はいるし、それを合わせるのも仕事の1つでしょ？
corona_work_depression2.csv,そんな「出来ません」「苦手です」を全て受け入れてたら日本潰れるよ。
corona_work_depression2.csv,「週5日間の出社の経験がない」だって、昔から新入社員は基本的にそうじゃないか。
corona_work_depression2.csv,むしろ大学生活→週5出社が当然だったことを考えると、ワンクッション置けて今の方が馴染みやすいという考え方すら出来る。
corona_work_depression2.csv,なんでも昔の方が正しいとは思わないし、これを機会に変えれる部分は変えたらいいと思うよ？
corona_work_depression2.csv,"でも、漫画に出てくるような個人研究者みたいに地下室にこもって人生すごせるわけないんだからさ、乗り越えるべきところは乗り越えてもらわないと困る。"""
corona_work_depression3.csv,comment
corona_work_depression3.csv,出社でも在宅でも結果を残せば問題無いと思います。出社しても上司は部下の顔色見れないから出社するようにいう人もいますが、部下の動きを見ている暇もないような人が平気でいう会社があるので、何が良いか話し合うことが必要だと思います。資料作成や会議三昧であれば在宅、取引先との打ち合わせは出社とか上手く使い分けて行くのが一番働きやすいと思います。
corona_work_depression3.csv,最近気づいたんだけど、体育会系は出社した方がパフォーマンスがよくて、非体育会系は在宅勤務の方がパフォーマンスがいい。
corona_work_depression3.csv,体育会系は自らは何も生み出さず右から左へで利益を搾取するが、実際に情報のハブはこれまでの社会では必要であり、単にお金という視点だけで見れば会社にとって役に立つのは体育会系。
corona_work_depression3.csv,"これからの時代は情報の横流しがシステム化されて、体育会系が駆逐されることを願う。"""
corona_work_depression3.csv,どう管理するかじゃないの?
corona_work_depression3.csv,
corona_work_depression3.csv,むしろ在宅をうまく使って、社員の能力、意欲を推し量れば良いと思う。
corona_work_depression3.csv,
corona_work_depression3.csv,手を抜く人は抜くし、頑張る人は頑張る。
corona_work_depression3.csv,手を抜く人は査定を下げ、頑張る人は査定を上げるのは在宅でも出社でも変わらないと思う。
corona_work_depression3.csv,
corona_work_depression3.csv,特に出社してた時は毎日残業してたのに、在宅になった途端に残業ゼロになった社員は要注意。
corona_work_depression3.csv,指摘すると効率化したとか言い出すけど、そんな急激な効率化とか無理だしね。
corona_work_depression3.csv,"今までどう仕事してたのか、割と良く把握出来て便利ですよ。"""
corona_work_depression3.csv,どっちも体験しているけど、一つ確実に言えるのは在宅メインに
corona_work_depression3.csv,なってからは会議の回数、時間とも確実に増えた。社内、社外とも。
corona_work_depression3.csv,
corona_work_depression3.csv,対面だと相手の様子をちょっと見て声かけられるのに対して、在宅だと
corona_work_depression3.csv,それは難しいから相手のスケジュール見て会議セットせざるを得ない。
corona_work_depression3.csv,対面だと会議室空いてないから、ってことで短時間集まってクイックに
corona_work_depression3.csv,済ますなんてこともコロナ前は多々あったけど、今はそれも無いから
corona_work_depression3.csv,夜遅くに平気で会議入れられるなんてのもしょっちゅう。
corona_work_depression3.csv,
corona_work_depression3.csv,確かに在宅勤務で通勤時間をカットできるのは大きい。
corona_work_depression3.csv,でも作業効率で言えば、ひいき目に見ても在宅の方が出社より
corona_work_depression3.csv,よいなんてことはないし、先のデメリットも考慮すると果たして
corona_work_depression3.csv,"在宅オンリーというのが最適なのか、とも思う。"""
corona_work_depression3.csv,営業とかは出社しなくても直行直帰で良いと思う。
corona_work_depression3.csv,でも事務系は在宅でも出来るけど、出社の方が生産性は上がると思う。
corona_work_depression3.csv,私の職場は出社する人も必要な職種だから、メンバー固定で半分出社、半分テレワークにしたけど、テレワーク組から家だとやりづらいって意見が多くて出社組の負担になることが多かった。会社がどれだけシステムとかしっかり整えてるかにもよるんだろうけど、うちの会社は今はテレワーク基本は無理かな。
corona_work_depression3.csv,"私はコロナ禍もテレワークはたまにしかなくて基本出社してたから平気だけど、コロナ禍に新卒入社してずっと休みが多かった人は、急に週5になってキツそう。"""
corona_work_depression3.csv,＞週5日間のオフィス出社をした経験がない人が少なからずいます
corona_work_depression3.csv,これはでも、新入社員で入っても同じでしょ
corona_work_depression3.csv,スタートがリモート重視だったからと言って、今までそんなに出社してなかったのにって事だから、そりゃストレスなんだろうけど、さすがにここを問題視する必要はないんじゃないかな
corona_work_depression3.csv,出社かリモートかでその人個人だけじゃなく、会社全体としての成果が落ちてしまってるのなら、リモート重視ではダメだって事だろうし、仕事じゃなくてもやっぱりネットを介して話すのと直接話すのとでは違うから、そこらへんも考えると、リモートで出来る事であっても出社した方がいいと会社が判断してるならそれは従うしかないし、それをストレスと感じるのなら、リモート重視の会社に転職するしかないでしょうね
corona_work_depression3.csv,"環境が変わる事は確かにストレスだけど、リモートをやめる会社がまるでブラックのように扱われるのはいつも違和感しかない"""
corona_work_depression3.csv,営業現場は対面接客が基本なので在宅勤務は全く無理。本部は週１回～２回でシフト組んで在宅勤務です。体調面で出社が難しい社員は基本在宅勤務です。こういう柔軟な働き方が出来るようになったのは進歩だと思います。ただ在宅勤務とビデオ会議ではコミュニケーションの面で難しいところもあるので適度に出社と在宅を運用すればよいと思います。ウチの会社で体調面で在宅している社員も出社したい気持ちがあります。
corona_work_depression3.csv,現在基本在宅勤務。コロナ始まった頃からなので２年程在宅やってる。結論から言うと、配送業や工場勤務あと店舗でのリアル販売など在宅勤務不可能な業種以外は在宅勤務が良いと思う。
corona_work_depression3.csv,例えば通勤。東京では片道２時間当たり前、大阪でも１時間以上が殆ど。往復すればその２倍、無駄でしょ。あと、PCやスマホは会社支給、電気代やプリンターインク等考慮され在宅手当も少しだが支給になった。今後金額も改善されるらしい。ハッキリ言ってメリットばかりでデメリットがない。逆にデメリットを言う人は年配者が多く、理由は「何をしてるか管理出来ない」「コミュニケーションがとれない」など成果主義にすれば無意味な事ばかり。何をしてても成果を出せば良い。コミュニケも毎日会わなくてもいいでしょ、全く会わない訳じゃないし。
corona_work_depression3.csv,"人間関係は大切な事とは思うが、昭和時代の所謂、終身雇用・年功序列の時代のそれとは今や違う。無駄な事はやめましょう。"""
corona_work_depression3.csv,ほとんどの会社では個人の体調とか気を遣うことなどしないからな。
corona_work_depression3.csv,なんでも仕事中心。募集すれば人材が集まる時代であればある程度回っていくけれど、今の人材不足の時代ではそうもいかない。その分の負担が自分達に帰ってくる。
corona_work_depression3.csv,"頭ばかり使ってないでもう少し気を遣うことを意識することが必要。"""
corona_work_depression3.csv,接客要のインフラ系です。在宅なんて実質研修しかやることないです。本社機能はある程度対応できるのでしょうが。でも企業としてはリモート体制整備を謳うため、出社制限されてきました。交代で、と言っても中間管理職は蚊帳の外になるしかありません。要員も出社シフトの人に限って体調不良で当日休みも多く、他の人にシワ寄せ、疲弊して体調不良の負のスパイラル。感染症対策ですから昔みたいに「這ってでも来い！」なんて言えないですしね。客足が戻ってきているだけに限界感半端ないです。でも出社制限は解かれないない。末端社員は取り換えが効くからと言うことなんだな、とジッと手を見る今日この頃です。
corona_work_depression4.csv,comment
corona_work_depression4.csv,確かに変化がともなうということは精神的にも疲れたり、不安定になることはある。
corona_work_depression4.csv,"けど、仕事ってやっぱり人と人との繋がりが大事だと思う。いくらリモートでモニター越しで対面しているとは言え、それでは伝わりきれない所や信用しきれない所とかあると思う。私が古臭い人間なのかもしれないけど、実際にあった方が相手の温もりや表情など、基本的な人とのコミュニケーションが上手くいくことが多い。"""
corona_work_depression4.csv,会社が個人を信頼しているかどうかの問題もあると思う。
corona_work_depression4.csv,上層部(取締役会)の考え方。
corona_work_depression4.csv,①コロナが会社内で発生したら、在宅可能なら在宅に切り替え、無理な職種は社内で部屋を分けて職務継続。
corona_work_depression4.csv,②元々リモートワーク(在宅または社内別部屋で)できるように、システムは構築しておく。
corona_work_depression4.csv,③契約や派遣社員は、リモートワークできても在宅は一切認めない。(在宅でできる仕事があるのに無理矢理出社を義務付け)
corona_work_depression4.csv,④役職あったシニア社員は、在宅勤務認める。(在宅仕事が必ずしも絶対必要な仕事とは限らない)
corona_work_depression4.csv,⑤社員はワクチン接種は特休扱い、派遣や契約は有給使え。
corona_work_depression4.csv,⑥コロナ感染したら、社員は出社扱いの自宅待機、派遣や契約は有給使いなくなったら欠勤扱い。
corona_work_depression4.csv,世の中こんな感じでしょ。人を活かす会社が今後残るのにね。日本全体もそんな感じかと思う。
corona_work_depression4.csv,"確かにリモートで結果残せてる人は少なく、そのうちリストラすると思うけど。"""
corona_work_depression4.csv,自分も週3で在宅ワークしてるけど、誰とも会話する必要のない、誰にも頼らずに自分だけが頑張れば良い職種ならともかく、同僚とのコミュニケーションが必要な場合だとやっぱり対面のほうが捗る。
corona_work_depression4.csv,コロナ前なら10秒の会話で済んだことがメールだと何度かのやり取りで結局5分かかったりする時もあるからね。それが1日に何十回もあれば効率は下がらざるを得ない。
corona_work_depression4.csv,zoom使うにしても双方のタイミングがあるから対面ほどスピーディにはならないし。
corona_work_depression4.csv,
corona_work_depression4.csv,"要は出社・在宅を01で語るのは難しいってこと。"""
corona_work_depression4.csv,私は、在宅勤務とオフィス出社のハイブリッド勤務です。
corona_work_depression4.csv,
corona_work_depression4.csv,集中して片付けるような業務効率は在宅勤務の方がはるかに効率がいいです（早く終わる）
corona_work_depression4.csv,しかし、自分だけで片付けられない、確認や同意を得る仕事は、やはり出社の方が都合がいいですね。
corona_work_depression4.csv,リモート打ち合わせって、余計なことを質問せず、話の本筋だけ確認しがち。
corona_work_depression4.csv,"実は、ふと浮かんだ疑問などに、業務改善の糸口があるもの。"""
corona_work_depression4.csv,在宅勤務を希望する職員に対して、言っていないこともある。
corona_work_depression4.csv,確実に業務効率は落ちる。最初は6割程度しか出来なかった。
corona_work_depression4.csv,2年経った今も8割程度。業務時間自体は変えていないので、生産性は確実に落ちる。
corona_work_depression4.csv,でも、辞められてしまうよりは良いので許可している。
corona_work_depression4.csv,一度覚えてしまった「楽」から戻れないとか、仕事をなめている。
corona_work_depression4.csv,では自分で独立開業してはどうか？好きなだけ在宅勤務したら良い。
corona_work_depression4.csv,ただし、食べて行けるだけの基盤を作るまでに、どれだけサービス（残業とは言わないか、そんな概念がないので）しなきゃいけないか。
corona_work_depression4.csv,それに耐えられるか？
corona_work_depression4.csv,"わがままを言ったもの勝ちのような風潮はどうにかした方が良い。"""
corona_work_depression4.csv,在宅する社員は自分は１日これだけのことをましたと、きちんとアウトプット報告できることが最低の条件かな。
corona_work_depression4.csv,しかし現状はほとんどできていない。
corona_work_depression4.csv,自分一人という甘さがそこに出ているのかは分からないが、通勤時間が他の時間にあてることができるとか育児に時間が割けるとか個人の低レベルな話をするまえに、会社に貢献する社員として在宅でどのような成果を上げるかが最優先でしょ。
corona_work_depression4.csv,それがOKなら誰も文句は言わない。
corona_work_depression4.csv,"その他はそれが出来てからの話ですよ。"""
corona_work_depression4.csv,NTTも出社不要、出社の際は飛行機使用も許可ってなったくらいだし、在宅勤務できるところは皆切り替えるでしょ。
corona_work_depression4.csv,通勤に往復2時間かかるとして、年間休日120日なら490時間が浮くわけです。その分ゆっくり起きてもいいし、食事の準備に充てることだってできる。これは相当な福利厚生だと思います。
corona_work_depression4.csv,"現場に出る必要がある仕事以外は、皆在宅勤務に積極的に切り替えるべきだと思いますね。"""
corona_work_depression4.csv,そもそも仕事とは何か？
corona_work_depression4.csv,自分たちの給与はどのように出ているのかを考えて欲しい
corona_work_depression4.csv,もちろん在宅ワークで自分の給与を稼げれば問題ないが、実際は一握りのはず
corona_work_depression4.csv,"企業として売り上げがでなければ成長もしない、在宅ワークに適している仕事とそうでない仕事、そして給与に見合った仕事なのかを理解しなければ不満は生まれて当然"""
corona_work_depression4.csv,仕事によるから立ち位置で見方が変わるんだろうけど、
corona_work_depression4.csv,うちの仕事は在宅の方が圧倒的に生産性上がる。
corona_work_depression4.csv,通勤も無駄話もないし、会議打ち合わせは、ネットで十分。
corona_work_depression4.csv,むしろ、そんな薄い内容で呼ぶなよ‥とネット会議も短い圧縮される傾向あるし。
corona_work_depression4.csv,
corona_work_depression4.csv,"出社は、大して何もしなくても仕事してたことに自動的になるような部分があって楽なんじゃないの？手動かさない上と、手の動かし方のわからない下は出社がいいんだろね。"""
corona_work_depression4.csv,今の日本の在宅勤務を妨げているのは、50代以上のおじさんたちが「直接会わないと気持ちが伝わらない」という訳わからない理由だと思う。
corona_work_depression4.csv,
corona_work_depression4.csv,毎朝集まって朝礼やって、そこまでミーティングもしないのに頑張って通勤して、17時ごろになったら残業に目を光らせる。そういうので仕事をやった気になってる。なるほど、この人たちが今の日本をダメにした元凶だと納得した。
corona_work_depression4.csv,
corona_work_depression4.csv,オンラインが導入されて変わったことは、マネジメント面も含めて必要のない業務をやっている人が明るみになったことだ。それによって、今までパフォーマンで成果をあげているように見せていた人たちの勝ちパターンが通用しなくなったということである。
corona_work_depression4.csv,
corona_work_depression4.csv,"今は、自分たちの勝ちパターンを失うのが怖くて、保身で過去のやり方にしがみついているということだが、そのうち世の中の大きい流れには逆らえないし、優秀な人材も集まらないので、結果、時間の問題なんだと思う。"""
corona_work_depression5.csv,comment
corona_work_depression5.csv,コロナ前に休職→引越し→昨年復職しました。休職前にはなかった在宅勤務メンバーとのコミュニケーションの取り方に四苦八苦し、また復職初期は出社が求められたため引越しに伴う通勤時間や経路の変更にヘトヘトになり、その反動から在宅許可が出た途端にリズムを崩して一時期はあわや退職かという事態にまでなりました。今はだいぶ落ち着きましたが、金曜日に「来週の出社計画」を上司と共有したりしています。新人や異動して来られた方とのコミュニケーションはなかなか難しいですね。歓送迎会も開催しづらいですし。
corona_work_depression5.csv,医薬品卸で働いていますが在宅で働ける方がうらやましいです。旧態依然とした業界ですから昭和から続くサービス残業や休日出勤するのは当たり前、しないと働いていないと爪弾きにされます。こうした環境で精神を病んでしまいやめていく人が後を絶ちませんし、私もかなり精神的に消耗してギリギリのところで踏ん張っています。在宅であれば長時間の過酷な出勤も上司や同僚のハラスメントも無縁ですからかなり就業環境も変わってくると思います。やはり仕事の悩みで一番大きいものは人間関係ですしそれを限りなく低減できるのだからこれほど理想的な労働環境はないと思います。
corona_work_depression5.csv,営業活動に限って言えば従来から直行直帰はあったわけで。。。
corona_work_depression5.csv,コロナを理由にリモート会議を選択肢に入れられて無駄な出張も減って生産性は上がった。
corona_work_depression5.csv,会社で上司のストレスのはけ口にされることもなくハラスメントも以前よりは減っている。
corona_work_depression5.csv,出社だろうが在宅だろうが成果の出せる会社は成果を出す。
corona_work_depression5.csv,基本的に同じエリアに住んでいることが多いのだから、シェアオフィスを活用しお互いの近所で集合するなどやりようはあるはず。
corona_work_depression5.csv,"出社か在宅か。極端にするからしんどいんじゃないのかな。"""
corona_work_depression5.csv,在宅勤務ですべての業務を完結できる業種は少ないです。
corona_work_depression5.csv,コロナ拡大の際はリスクやコストをかけてでも強引に在宅勤務で対応せざるを得なかっただけで、元に戻っていくのは仕方ないと理解しています。
corona_work_depression5.csv,誰かのテレワークは、誰かの出社で成り立っていることがほとんどなんですよね。
corona_work_depression5.csv,それが納得できないなら残念ながらテレワーク出来るところに転職するしかないんですよね。
corona_work_depression5.csv,あと出社でメンタルがと言ってますが、コロナ拡大の時はテレワークで人と関わらなくなりメンタルがって報道されていました。
corona_work_depression5.csv,"結局は自分次第なのではないでしょうか。自分の機嫌は自分で取るしかない、これに尽きると思います。"""
corona_work_depression5.csv,私も在宅→徐々に出社になってますが、これまでのニキビの原因が対人とのストレスであったことが、はっきりしました。特別苦手な人がいるというわけではありませんが、やはり、出社するということは、少なからず私にとってはストレスがあったのだと...
corona_work_depression5.csv,"在宅でも可能なのだから、週に一度出社にするなど、頻度などを改善してほしいなと思いました。"""
corona_work_depression5.csv,往復3時間の通勤時間の削減を活用しています。自分で言えば、自宅なら、22時まで残業しても、23時には寝れる。朝6時に起きれば7時には仕事開始できる。これが、出勤すれば、25時頃寝て、6時前に起きて、飯食って出勤して8時頃仕事開始する生活と比べれば、どっちが、時間的体力的に有効か、一目瞭然。コミュニケーションの点で言えば、週2日出社くらいで十分です。
corona_work_depression5.csv,コロナで在宅勤務が多いのが大手企業で、コロナ当初から中小企業・飲食・ホテル・運輸業（運搬・航空・バス・タクシーなど）・接客業などは在宅勤務なんて縁遠い業種であった。
corona_work_depression5.csv,私も最初はテレワークや在宅勤務したが到底成果は出ず、結局出勤した。
corona_work_depression5.csv,在宅勤務できるのは一握りで、IT関連や金融関係位だ！！
corona_work_depression5.csv,コロナ禍で在宅勤務が注目を集めたが、こころの病が多く出てきているのも事実だ！。
corona_work_depression5.csv,人間は環境が変わればそれに対応できる者、そうでない者に分かれる。
corona_work_depression5.csv,だからコロナ禍で、生活環境が相当変わってきた、移住するもの者など多種多様の勤務環境が出てきている。
corona_work_depression5.csv,しかしこれが出来るのは、大都市及びその近辺だ。田舎の者はどうしようもない。
corona_work_depression5.csv,会社も終身雇用がなくなり、自由な裁量で雇用契約できる。
corona_work_depression5.csv,多種多様な生活環境を選択するのは、個人か雇用者かである。
corona_work_depression5.csv,"政府もこのような環境に対応できるようにしないといけない。"""
corona_work_depression5.csv,長年働いていて同僚とも付き合いが長い人にとってはテレワークでもオフィス勤務でもそんなに違和感はないでしょう。
corona_work_depression5.csv,しかし、去年入社して一年のほとんどをテレワークでの勤務をした人にとっては、突然オフィスワークに変わるとものすごいストレスを受けると思います。
corona_work_depression5.csv,相手と自分は音声や画像を介してのやりとりが、表情やボディーランゲージなどを通したコミュニケーションに変わるわけです。テレワークはほとんど人同士のやり取りがなかったのが、8時間続くわけなので体力もですが、精神が慣れるまで相当疲れると思います。
corona_work_depression5.csv,企業はそのあたりを考慮して徐々に切り替えるような配慮は必要だと思います。
corona_work_depression5.csv,"コロナ前では入社してゴールデンウィークの10日間休みを挟んだだけで五月病になる社員がいたのに比べると、メンタルの保ち方は相当難しいと考えます。"""
corona_work_depression5.csv,仕事によるが毎日出社しないといけない仕事って、特にシステム系なんて出社してやらないといけない場合は少ない
corona_work_depression5.csv,コミュニケーションがフェイス・トゥ・フェイスで必要な場合もあるが、毎日である必要はないね
corona_work_depression5.csv,どれくらいの仕事をどれだけでやるというのは毎日朝夕で報連相すればいい
corona_work_depression5.csv,大体成果主義じゃないからこそ効率が落ちる原因になるのだよ
corona_work_depression5.csv,成果を出せば評価されるのが本来の仕事のはずが、日本では残業して何か仕事もってるやつのほうが評価されるんだよな
corona_work_depression5.csv,残業したほうがお金も増えるしな
corona_work_depression5.csv,"さっさと仕事して提示で帰る方が評価も給料も低くなるんだよね"""
corona_work_depression5.csv,関東以外の地域の場合が分からないのですが、私の居住エリアのＪＲや私鉄は今年の３月に本数を増便しなかったのでダイヤ「改正」とは言わずダイヤ「修正」と称した大幅減便にあったため、３月後半以降通勤時も土日でも明らかに電車の混雑がひどくなりました。
corona_work_depression5.csv,
corona_work_depression5.csv,２０２０年の緊急事態宣言１年目の時のように空気を運んでいるような電車だと鉄道会社の経営を悪化させるのは確かでしょうが、他方で朝のラッシュ時にすし詰めにして、急行等なら足が電車の底についていないような状態で荷物を運ぶがごとくに運んでようやく収支が取れるような前提で経営していることがそもそも問題でしょう。
corona_work_depression5.csv,
corona_work_depression5.csv,物理歴には非人間的な環境で都心に通勤することになれば、余計に心も体もすり減らすという単純な理屈だと感じます。
corona_work_depression5.csv,
corona_work_depression5.csv,"テレワークの制度がある企業なら余計にやるせなさを感じるのでしょう。"""
corona_work_depression6.csv,comment
corona_work_depression6.csv,在宅と出社の良し悪しは仕事内容で全く違います。私の仕事の場合、在宅で出来る事を今更わざわざ出社して何故やらなければならないのか？ってのがもっぱらのストレスです。周囲の雑音が無い在宅勤務はかえって仕事が捗りますし良いアイデアも出やすいです。まぁ中には出社しないと出来ない仕事もあるので、その時には普通に出社しますけど。それと、在宅ではコミュニケーションが取りづらいとよく言われますが、ZoomやTeamsなんかを使えば、かえってやり取りがしやすい場合も多々ありますね。相手もこのコロナ禍でWEB会話には慣れていますし。日本人は仕事の結果より、皆を集めて「エイエイオー」ってな古い文化からなかなか抜け出せない変なところがありますよね。
corona_work_depression6.csv,在宅ワークで仕事の業績が落ちないなら、会社としては、通勤手当、残業手当分が浮くので、社員がそれでよければ、ウィンウィンなんだけどね。つらい思いして通勤しなくてもよいなら、社員にとってこれ程楽なことはない。それに、自分のペースで仕事できるしね。しかし、在宅ワークできない仕事もあるので、それはこれから社員が通勤必須の仕事がいいのかどうか判断して、どうしてもいやなら、会社辞めた方がいいね。特に、在宅ワークで業績落ちないのに出社をやたら強要する会社はだんだん淘汰されていくだろうね。
corona_work_depression6.csv,物理的な制限がないのなら好きなところでやればいいと思うけど、いちいち制約を課すのはこの国の人は能力が低いのかな？と思ってしまう。
corona_work_depression6.csv,
corona_work_depression6.csv,お金よりも時間のほうが重要だと思うので、時間に重きを置いて最適解を出して欲しいもんですね。
corona_work_depression6.csv,売上や目先の利益なんてどうでもいいじゃないですか。
corona_work_depression6.csv,赤字だって、借金しまくったっていいじゃないか。
corona_work_depression6.csv,"ちゃんと売れるモノであるのなら、それで良いと思うんですけどね。"""
corona_work_depression6.csv,若い人は「会社や上司に振り回されてる」感を少なからず抱くことだろう。しかしそれは日本の大多数の企業に当てはまることであり、会社や上司はそんなもんだという割り切りを早く身に着けるのも重要なことだ。早く言えば会社も上司も、想像を絶するくらい判断が呆れるほどまでに遅いということ。
corona_work_depression6.csv,
corona_work_depression6.csv,今現在、感染者数は再び増えている。にもかかわらず、今秋来週と「コロナが下火になってきたから」を理由にリモートをやめる企業が増えていくことだろう。数週間前に提案した案件が今になって取締役の間で決定されているからだ。これまでのビジネスではそんなトロい判断でやってこれたのだろう。
corona_work_depression6.csv,
corona_work_depression6.csv,で、まるで感染者が社内に大幅に増えるのを待ち切ったようなタイミングで「再びリモートを再開する」という判断を下すのだ。もう本当にトロい。
corona_work_depression6.csv,
corona_work_depression6.csv,"それが日本の企業だ。若い人には申し訳ないが、トロい年寄りが牛耳ってる日本社会ではこんな状況が続くんだ。"""
corona_work_depression6.csv,何だかな…
corona_work_depression6.csv,コロナ対応を除けば、出社も在宅も成果が同等な場合に限って在宅勤務を認めるというのが会社の考えだと思う。それがいつの間にか社員の既得権になったりリクルートのツールになったり、なんかおかしいと感じる。
corona_work_depression6.csv,"このまま成果主義を度外視した在宅ワークの歪んだ解釈が浸透すると、近い将来、日本経済にも影響が出てしまう事を危惧している。"""
corona_work_depression6.csv,営業職だとリモートでも早く来てくれとか言われることも。営業車は会社だし逆に大変なんて事も。職種によると思うが出社時間を携帯ばかり見て出社時間を無駄と思うか、周りの雰囲気などやつり革広告など見ながらとか変化を感じながら出社が得と思ったり。人それぞれでしょうね～　
corona_work_depression6.csv,"個人的には出社してる方が家族と離れて頭を仕事モードに入れれて、いろんな外部刺激を受けれるので出社賛成派かな。イーロン・マスクも出社しろと言ってるけど、こういう側面もあるんだろうか？"""
corona_work_depression6.csv,私は所謂エッセンシャルワーカーに区分される仕事に従事しています。
corona_work_depression6.csv,一時期は職場でも出社率70%未満とすべく、在宅勤務を実施しておりましたが、私は管理職でもあり、また仕事内容が現場へ行かないと処理できない類のものも多かったため、在宅勤務はコロナの影響が家庭に出やすい小さなお子さんを抱えた部下や若い人たちに多く取ってもらい、私は毎日出勤していました。
corona_work_depression6.csv,"コロナの特性等を踏まえていろいろと配慮していたのではありますが、こういう事態が増えているのはになったのは一概に在宅勤務のせいだとか、本人や他人のせいには出来ないと思います。"""
corona_work_depression6.csv,テレワークもいち流行語で消えていくのでしょうね。
corona_work_depression6.csv,本当に満員電車とか人混みを分散させるには
corona_work_depression6.csv,大都市集中を止めて地方分散しなくちゃ。
corona_work_depression6.csv,なぜ1時間も2時間も通勤時間をかけてまで
corona_work_depression6.csv,都市部に会社を作るかが不思議でしょうがない。
corona_work_depression6.csv,
corona_work_depression6.csv,2時間、往復4時間も通勤や通学にかかっていたら
corona_work_depression6.csv,1日の1/6、16％以上も時間を無駄にしている。
corona_work_depression6.csv,睡眠8時間、労働8時間なら残りはもう4時間しかない。
corona_work_depression6.csv,その中で食事し、風呂に入り、着替えたり、化粧したり・・
corona_work_depression6.csv,"そりゃ家事など出来ないのも納得の話。"""
corona_work_depression6.csv,2年以上「リモート、出勤のハイブリッド」を実践してきたが、とても良い。オススメ。
corona_work_depression6.csv,
corona_work_depression6.csv,チームで仕事をしているようなところは結局出勤したほうが総合的に良いとは思う。
corona_work_depression6.csv,ただコロナ、働き方など昨今の動きを取り入れる必要もあるのでリモートワークもやるべき。
corona_work_depression6.csv,また、今の会社、部署で今の仕事を一生やるのであればまだよいが、記事に書いてあるようにリモート生活どっぷりの人が出勤するような事態になった場合、落差がすごくストレスもたまる。
corona_work_depression6.csv,
corona_work_depression6.csv,こういった点からも、
corona_work_depression6.csv,日頃から出勤、リモート両方に慣れておくことが、まだ先が長い社会人生活を生きていくには良いと考える。
corona_work_depression6.csv,"ハイブリッドがオススメです。"""
corona_work_depression6.csv,コロナの急激な拡大で好むと好まざるとにかかわらずリモートワークとなった方もいるし企業としてもリモートワークに備える環境にないままリモートワークをやっても結局は電話が来たりで効率が悪いと。特に夏の時期は、コロナにかかわらずリモートワークのほうが良いかと。熱中症などで救急搬送されかねないので健康管理の面からも夏の酷暑の時期はリモートにするべきではないかと個人的には思います。コロナに合わせてというよりは環境に合わせてということでしょうか。
corona_work_depression7.csv,comment
corona_work_depression7.csv,在宅ワークが出来ない仕事もある。
corona_work_depression7.csv,在宅ワークがむいている仕事もある。
corona_work_depression7.csv,自分は基本在宅ワークだが出社したり集合ミーティングの方がよかったと思うことも結構ある。
corona_work_depression7.csv,業務や仕事の状況によって出社と在宅ワークを選択出来る状態が１番いいと思います。
corona_work_depression7.csv,"上司がやみくもに出社を強要するのは最悪ですね。"""
corona_work_depression7.csv,うちは会社がリモート推奨だし経営層も来なくていいと言っている。
corona_work_depression7.csv,
corona_work_depression7.csv,だけど、中間管理職や役職無しの人たちでやたらと会社に行きたがる・会いたがる人が結構いるんですよ。
corona_work_depression7.csv,その人たちも会社の指針上強制はしてこないけど、
corona_work_depression7.csv,「そろそろ会いましょうよー」
corona_work_depression7.csv,「一度会議、みんなで会社で集まってやりましょうよ！」
corona_work_depression7.csv,って超明るく良い事言ってるみたいな雰囲気で提案してくるんですよ。
corona_work_depression7.csv,
corona_work_depression7.csv,あのね、迷惑です。
corona_work_depression7.csv,私は断り行かないが、中には提案されただけで行かねばと思う人もいる。
corona_work_depression7.csv,
corona_work_depression7.csv,絶対に対面で会わねばならぬ理由がなく、漠然と「仲間意識共有」とかって具体がない理由で提案するなと思う。
corona_work_depression7.csv,
corona_work_depression7.csv,寂しがりの人って合理性に欠けて感情論強めの人が多いけどまさにこれ。
corona_work_depression7.csv,
corona_work_depression7.csv,"会社じゃなくてこの寂しがりな社員たちがリモート廃止を進めてるんだよね。"""
corona_work_depression7.csv,共働き子育て中です。ママ友と話していると、ご主人がリモート可能な職種かどうかで、子育ての大変さがだいぶ違うことを実感します。
corona_work_depression7.csv,今後は、就職や婚活での人気職種ランキングに、年収だけでなく、リモートできる職種かどうかが響いてくるんだろうと思いました。
corona_work_depression7.csv,"会社側も勤務条件を提示しなきゃいけないから、条件と違った等というトラブルも出てきそうですね。"""
corona_work_depression7.csv,もう完全に個々の話になりましたね。
corona_work_depression7.csv,そもそも働き方改革の一環だったような気がします。
corona_work_depression7.csv,所詮は働き方なので、どんな働き方であれ、その働き方で最大のパフォーマンスが出るようにすればいいだけ。
corona_work_depression7.csv,出社してもダメな社員はダメですし。
corona_work_depression7.csv,個々の問題なので、あとは会社の決定に従えばいいかと。僕もそうですがただの兵隊なので。嫌なら辞めてNTTに転職しましょう。
corona_work_depression7.csv,"ちなみに弊社は完全テレワークに移行しましたが、直近僕は週4で出社です。人によりますね。まだ完全テレの方もいますし。"""
corona_work_depression7.csv,在宅の良いところ:通勤に関するストレスが無くなる。時間に余裕が出来る。苦手な人に話しかけられたりしてもブッチしやすい。
corona_work_depression7.csv,出社の良いところ:不意に訪れる同僚や憧れの社員さんと雑談できる。業務報連相が一瞬。帰りがけに独りで、もしくは仲間や友人と美味しいお店で飲んだり食べたり雑貨みたりしてから帰れる。
corona_work_depression7.csv,
corona_work_depression7.csv,"出社の方が自分には向いてると思うが、今のところ在宅でも仕事が回ってるから現状維持かもなぁ。ワーキングマザーさんらは子供のお迎えとか子守りも出来て在宅楽っていうけど、独身子無しがフォローする負担は変わらないし。"""
corona_work_depression7.csv,出社でメンタルがやられるようなら、元々会社が合ってないのでは？
corona_work_depression7.csv,何でもかんでもコロナ鬱とか言うのはおかしい。
corona_work_depression7.csv,在宅のメリットも分かるけど、元々、会社と雇用契約を結んでいて、勤務場所とかも全て契約に書いてある。
corona_work_depression7.csv,雇用主が仕事場所を、会社か在宅かを決める権限有っても、労働者には決定権は無いのだから。
corona_work_depression7.csv,"在宅ワークがしたいならそう言う会社を選べば良いだけ。"""
corona_work_depression7.csv,もともと在宅で対応できない職種なので、テレワーク？羨ましいなぁ。と横目に見ておりました。
corona_work_depression7.csv,
corona_work_depression7.csv,重要な企業情報、個人情報を個人の自宅からアクセスするには高いリスクがあります。
corona_work_depression7.csv,大手企業やコンプライアンスを重要視する企業には手痛いところです。
corona_work_depression7.csv,
corona_work_depression7.csv,つい先日自治体のデータを委託業者が紛失した騒ぎがありましたが、システム系でも顧客の企業データに関係してくる場合は、完全に個人宅で開発というわけにいかないのでは？
corona_work_depression7.csv,
corona_work_depression7.csv,会社にあるデータを扱うのってやはり会社の管轄内が一番安全なのですかね。
corona_work_depression7.csv,
corona_work_depression7.csv,しかし、急ぎの件でテレワーク人員とチャットやメールでやり取りしてると、レスポンス異常に遅い人とか出てくるんですよね。
corona_work_depression7.csv,また、「自分のところでは資料が見れないからそちらで調べておいて。」と言われてこちらの仕事が増える。
corona_work_depression7.csv,
corona_work_depression7.csv,"出社組からすればかなりストレスです。"""
corona_work_depression7.csv,メリハリ効かせた仕事の仕方、自己管理ができない人は在宅はやらない方が良いと思います。ダラダラ仕事してしまいドツボにはまります。ダメな人はオフィスでも同様ですが上司の目が届きますから。
corona_work_depression7.csv,
corona_work_depression7.csv,それから私の勤務先では、決断力のない経営者がコロナを追い風に”働き方改革”を唱えて全社員対象に在宅ワーク選択制度を導入しました。
corona_work_depression7.csv,本来ワークライフバランスの質的向上を狙いにしてるはずなのに、土日にPCの電源が入ってる部下がいると、役員や事業部長は「あいつは土日もよく頑張ってる」と高評価してます。制度の趣旨を理解してない昭和脳を引きずってるのです。欧米的思考なら「なぜ土日に仕事させてるんだ？」と叱責ものです。昭和脳は脈々と受け継がれてます。
corona_work_depression7.csv,"在宅ワーク制度は、まだまだまだまだ労使協議が必要だと実感しました。"""
corona_work_depression7.csv,私も週2日出社を求められ、下の子の保育園の送迎だけなら、なんとかなるものの、夏休みが始まると上の子(1年生)の学童への送迎も必須になる。
corona_work_depression7.csv,時短にしていても、出社となると間に合わないので上司にテレワークできないか交渉するものの、遅刻か午前半休とってとのこと。午前テレワークとしても、通勤に1時間以上かかるから、午後出社もNG。
corona_work_depression7.csv,旦那が幸いにもテレワークできるが、学童に預けられる時間より先に始業なので、上の子には「お母さん出社の時は学童お休みしてもいいよ」って言わせてしまった。
corona_work_depression7.csv,何のために学童利用しているのかと思ってしまった。
corona_work_depression7.csv,もっと、育児中だったり、介護だったり家庭の事情に寄り添って、どう働くのか選択できる制度があれば、柔軟に仕事できるのにな。
corona_work_depression7.csv,"所詮、うちの会社は国から言われないと、制度として作らないからな。。。"""
corona_work_depression7.csv,出社したくない人が、リモートワークの正当性を主張している傾向が少なからずあると感じる。
corona_work_depression7.csv,"業務内容で判断すべきで、一律求めるものではないと思うし、社員もそこを理解すべきだと思う。"""
corona_work_depression8.csv,comment
corona_work_depression8.csv,自宅に書斎のようなところがあればよいのですが、それがない私の場合は、会社の机のほうが仕事はしやすいです。
corona_work_depression8.csv,一方で、自宅近くで通院などの用事を済ませたい時は、在宅勤務のほうがいいです。
corona_work_depression8.csv,
corona_work_depression8.csv,"結局、出社がいいか在宅がいいかというのは一概にはいえないと思います。"""
corona_work_depression8.csv,架空なおとぎ話を作り出してるの？
corona_work_depression8.csv,リモートで済んだ人が一体どれだけ居たって言うの？
corona_work_depression8.csv,リモートでイイ人って現場に必要が無いわけで、余程の特殊性や秀でた能力が無い限りは代替が可能な人も少なくない。
corona_work_depression8.csv,
corona_work_depression8.csv,リモートで済む人は(現場を見ない)管理職や会議が仕事の人などか、
corona_work_depression8.csv,またはマーケティングや、資料の作成、設計やデザイナー、プログラマーなどは出社不要かもしれないけど･･･
corona_work_depression8.csv,データや資料に対して秘匿性やセキュリティ面の厳重な確保が必要ならばリモートには向かないから出社しての作業は必要なのは否めない。
corona_work_depression8.csv,
corona_work_depression8.csv,成果物や内容だけで厳しく見られる覚悟も必要。
corona_work_depression8.csv,
corona_work_depression8.csv,"順応できないなら独立するか違う道を選択するしかないんじゃない？"""
corona_work_depression8.csv,在宅ワーク推進に伴い、職場で在宅ワーク実施者を差別する輩も現れた。
corona_work_depression8.csv,要は自分は出社で働いているのに、在宅ワークで楽をしやがって、たまに来て意見するなと、わけのわからない批判である。
corona_work_depression8.csv,
corona_work_depression8.csv,在宅ワークにはある程度の実力が必要。
corona_work_depression8.csv,実力のないものは一人で行う在宅ワークは長続きしないのである。
corona_work_depression8.csv,
corona_work_depression8.csv,在宅ワークによる孤独感。コミュニケーションが取れない。情報共有ができない等々、できない理屈を作り並べる。
corona_work_depression8.csv,
corona_work_depression8.csv,"在宅ワーク本来の意味を理解しないと、この様な生きている化石も現れる。"""
corona_work_depression8.csv,在宅の話になると細かいテーマによっては真理なコメする人居るけど、基本どのコメも詭弁だよね。
corona_work_depression8.csv,
corona_work_depression8.csv,昇進組以外は、顔見せて、余り働きたくないけど「成果は主張したい」と言うか職場で尊重してもらいたい人ばかりで、要は出社して存在感を示したい人が殆ど。出世組は数が限られるから。
corona_work_depression8.csv,在宅の方が楽で良いって発想はペーペーだったら嘘だと思う。ヤフコメだったらそう言う人で、その上物申したい人が殆どでしょう。
corona_work_depression8.csv,私は信じてない。
corona_work_depression8.csv,
corona_work_depression8.csv,"一方で実際在宅して復帰したら記事のようにメンタルの負担は多いと思う。でも前提が嘘だから、建設的なコメなんか出ない。"""
corona_work_depression8.csv,何にせよ自分なりの方法を見つけるしかない。
corona_work_depression8.csv,誰も助けてくれないんだから。昔の人なら気概のようなものでどこに行こうとすぐに馴染んで力を発揮できる人も多くいたが今は違うんかな。
corona_work_depression8.csv,"学生ならそこで親なり誰かが助けてくれるかもしれないが、社会に出たらそんな余裕のある人はそうそういない"""
corona_work_depression8.csv,どちらが優れているというよりは人、企業によって向き不向きがあるということではないでしょうか。今はまだ情報蓄積の段階と思いますが、こういうところにこそビッグデータを適用して最適化が図れるようになればいいなと思います。
corona_work_depression8.csv,通勤が片道３０分でできるなら出社でもいいと思うけど、１時間半かかるなら出社のメリットは全くないですねぇ。ただ疲れて効率が落ちるだけ。在宅勤務していればその時間で１趣味できます。ネットワークも高速になりましたし、ネットワークでのコミニュケーションツールも充分充実しています。出社の方が良いのは１つだけ、空調がしっかりしていることでしょうか。自宅のヘボエアコンだと室温３０度超えて、そういう意味での非効率はあります。
corona_work_depression8.csv,ホームオフィスでの仕事は、自立している人でないと難しいでしょうね。
corona_work_depression8.csv,成果評価等、厳しい環境で自分を律して仕事できる人じゃないと成り立たないでしょう。
corona_work_depression8.csv,
corona_work_depression8.csv,"そういう意味では、在宅で仕事をしっかりこなせることも一種のスキルかもしれませんね。"""
corona_work_depression8.csv,在宅と出社、どちらがいいかは業種や業務によって左右されるが、成果が出るなら通勤ストレスがない分、在宅のほうがいいと思う。
corona_work_depression8.csv,
corona_work_depression8.csv,あと、このお医者さんは産業医だけあって、考え方が会社寄り、つまり出社推しなんだよね。でも、コミュニケーションなんて出勤してても取れない人は全然取れないし、在宅勤務によってハラスメントのリスクが軽減されることもある。
corona_work_depression8.csv,
corona_work_depression8.csv,"私は関連会社や取引先との打ち合わせもWebでやってるし、在宅で全く困らない。必要なら残業もするけど、残業終わっても帰宅に費やす時間がゼロなので、すぐに風呂入ってリラックス出来る。"""
corona_work_depression8.csv,うらやましいにつきる。
corona_work_depression8.csv,"在宅勤務が常態化して、事務所が都外に移転、顔を合わせていた同僚とはリモート会議にしか会えない。オンライン飲み会も形骸化してつまらない。皆がいる事務所に行くことはいいことだと思う。慣れないうちは少しぎこちないが、直ぐになれる。何も、メンタルだ、病気だは周りが騒ぎすぎのところもある。自然が一番いいことなのだ。対面の懇親会をすれば少しずつ親和していくと思う。"""
corona_work_depression9.csv,comment
corona_work_depression9.csv,この２年で在宅勤務をしても成果が落ちないようになった人も多いはず。
corona_work_depression9.csv,"その状態でハッキリした理由も示さずに全て出社とするようになればそりゃストレスになる。勤務体系が選択できるにも関わらず、会社の都合だけで選択肢がなくなるのは思考停止ではないだろうか。"""
corona_work_depression9.csv,個人的にリモートだと音声が乱れたり、意思疎通にストレスを感じる事が多い。
corona_work_depression9.csv,又、face-to-faceの方がやはりその人のなりがわかりやすく、意思疎通がしやすい。
corona_work_depression9.csv,ウィルスは常にあるものだから、今後はコロナに限らず共存する世が常になると思うので、コロナだからテレワークの企業を増やすのは又別の問題に思う。
corona_work_depression9.csv,とにかく、face-to-faceの大切さを痛感しているので、テレワークには反対です。
corona_work_depression9.csv,"テレワークが増えてきており、家庭内離婚が増えている話もよく耳にしますので、考えものですね。参考迄"""
corona_work_depression9.csv,我が社では、リモートワークは週一ペースで残っております。社員のライフワークバランスを考えて、のこと。私自信、そのくらいがちょうどいいと感じています。
corona_work_depression9.csv,100%でなくてもいいので、システムや社風としてリモートワークが導入されていることは、今や株式や就職の市場で重要視されるステータスの一つだと思います。
corona_work_depression9.csv,"社会全体的にバランスのよい運用がなされていくのがよいと思います。"""
corona_work_depression9.csv,通勤が苦痛。転職時に自宅から50分程度のところに就職したが、その後会社が家から遠い方向に移転した上に、就業時間が10分前倒し。合計で約30分早く家を出ることになり、今はコロナ禍でラッシュを避けるためさらに30分前倒ししたので、計1時間早く家を出ることに。冬はまだ暗い笑。
corona_work_depression9.csv,在宅でも出社でも業務は同じのため、通勤がないだけ体も心も楽。職場メンバーはシフトで順に出社しているため、不公平もない。
corona_work_depression9.csv,"このまま2.3日の出社のままで良いと思う。"""
corona_work_depression9.csv,在宅勤務でしっかりと成果を出せる人間はまだ少ないと感じる。
corona_work_depression9.csv,テレワークが始まった理由がコロナによる急場しのぎであった為に実際に在宅勤務になっても何を求められているのかどうして良いのか分からない人も多い。事前準備をちゃんと行って時間を掛けて移行していけば在宅勤務は出来ると思う。
corona_work_depression9.csv,"個人的には出社する事を選ぶけど。古いとか言われてもオンライン会議だと分からんのよ、話の奥行というか大事なとこが。"""
corona_work_depression9.csv,在宅勤務は、通勤時間が無いからその時間を自分の体調管理に有効活用できる。通勤時間に賃金は発生しないわけで、その通勤で毎朝毎晩と満員電車に揺られているのは物凄くストレスである。
corona_work_depression9.csv,"まあ、今の世の中何でもかんで都心に集めるから様々なリスクがあって微妙に顕在化して騒いでいるのだから、その時間も別の事に割り当てられるようになるよね。"""
corona_work_depression9.csv,完全在宅勤務になって明らかに運動不足になった。現在は週４出社。そして、１駅前から歩くようにした。出社は以前からしているので苦には感じない。これぐらいがちょうどいい。
corona_work_depression9.csv,
corona_work_depression9.csv,"みなが自分にあった働き方を選択できれば良いよね。"""
corona_work_depression9.csv,元々持っているコネクションだけで仕事が回る人間は在宅向き。
corona_work_depression9.csv,そんな人で社員が構成されていればフル在宅でもいいんだが
corona_work_depression9.csv,企業ってそうじゃないよね。
corona_work_depression9.csv,ある程度先輩の手ほどき受けて覚えていくって層がいるはず。
corona_work_depression9.csv,そういう層にとっては出社するほうがいいだろう。
corona_work_depression9.csv,"一番頭悪いのはどっちかに一律統一して育成から何から破壊してしまうことかな。"""
corona_work_depression9.csv,週3在宅勤務、週２通勤していますが、今まで週5で通勤していたのに、今ではたった2日の通勤もストレスになっています。
corona_work_depression9.csv,しかも、在宅と通勤では睡眠時間も違うし、たとえ残業したとしても自宅で残業するのとオフィスで残業するストレス、満員電車に乗るストレスを考えると、出社が今までの何倍にも嫌になります。
corona_work_depression9.csv,"人間関係さえなければ、100%在宅ワークしたいです。"""
corona_work_depression9.csv,総務の人間ですが、コロナ前は在宅勤務制度がなかなか実現出来ず。コロナ禍になりトントン拍子に各社在宅を始めました。
corona_work_depression9.csv,社長は出社派で在宅をする部署にいい顔をしていませんでした。陰口を言う始末。
corona_work_depression9.csv,"ワークライフバランスもとれ、働きやすい2年でした。それが最近、コロナが落ち着き出社が増えていくのは仕方ないとして、その理由が「在宅出来ない部署から不公平だとクレームが出ているから」というなんとも昭和な理由。自部署の人間の健康はどうでもいいんです。理不尽すぎて今までに無いストレスを感じています。こんな考え方の会社に愛想がついています。在宅制度が進まないはずです。"""
